objectPath,objectName,objectType,id
/Explore/MapiDev/dev,MappletValid,DMAPPLET,4r9iZvMigS7duKcLCbjg4N
/SYS,id-dev-ora-18.bbf-soft.local,AgentGroup,81f8eXwvJMolPzpFy8iIuw
/SYS,id-dev-ora-18_int,Connection,8IJuWX8h0YLfGWlQ6zZwae
/Explore,MapiDev,Project,amDkoTVSyEPeuRbC5XU88p
/Explore/MapiDev/dev,MappingInvalid,DTEMPLATE,2mdu8PBR4vMeM07Jr2rQSs
/SYS,id-dev-ora-18_dev,Connection,5XiRtRealiUg7S6k1oDUak
/Explore/MapiDev,dev,Folder,cXjYNrH7BcgjROpHC0mA8O
/Explore/MapiDev/dev,MappingTaskValid,MTT,gMM8ZUeBcCreQY0SqhHGkr