{
  "name" : "IDem export 1703237616466",
  "sourceOrgId" : "dlzt1ojLvSRdv1T8Ej1q2d",
  "sourceOrgName" : "InfoDyn",
  "exportedObjects" : [ {
    "objectGuid" : "4r9iZvMigS7duKcLCbjg4N",
    "objectName" : "MappletValid",
    "objectType" : "DMAPPLET",
    "path" : "/Explore/MapiDev/dev",
    "metadata" : {
      "modelVersion" : {
        "major" : 0,
        "minor" : 0
      },
      "repoInfo" : {
        "repoHandle" : "01CLGW4000000000001W"
      },
      "objectRefs" : [ ],
      "contextAttributes" : [ {
        "name" : "id",
        "value" : "@1"
      } ],
      "additionalInfo" : {
        "description" : "",
        "contentType" : "JSON",
        "documentState" : "VALID"
      }
    }
  }, {
    "objectGuid" : "81f8eXwvJMolPzpFy8iIuw",
    "objectName" : "id-dev-ora-18.bbf-soft.local",
    "objectType" : "AgentGroup",
    "path" : "/SYS",
    "metadata" : {
      "modelVersion" : {
        "major" : 0,
        "minor" : 0
      },
      "repoInfo" : {
        "repoHandle" : "01CLGW25000000000003"
      },
      "objectRefs" : [ ],
      "contextAttributes" : [ {
        "name" : "id",
        "value" : "@1"
      } ],
      "additionalInfo" : {
        "description" : null,
        "contentType" : "JSON",
        "documentState" : "VALID"
      }
    }
  }, {
    "objectGuid" : "8IJuWX8h0YLfGWlQ6zZwae",
    "objectName" : "id-dev-ora-18_int",
    "objectType" : "Connection",
    "path" : "/SYS",
    "metadata" : {
      "modelVersion" : {
        "major" : 0,
        "minor" : 0
      },
      "repoInfo" : {
        "repoHandle" : "01CLGW0B000000000004"
      },
      "objectRefs" : [ "81f8eXwvJMolPzpFy8iIuw" ],
      "contextAttributes" : [ {
        "name" : "id",
        "value" : "@1"
      } ],
      "additionalInfo" : {
        "description" : "Oracle 18 dev database",
        "contentType" : "JSON",
        "documentState" : "COMPLETE"
      }
    }
  }, {
    "objectGuid" : "amDkoTVSyEPeuRbC5XU88p",
    "objectName" : "MapiDev",
    "objectType" : "Project",
    "path" : "/Explore",
    "metadata" : {
      "modelVersion" : {
        "major" : 0,
        "minor" : 0
      },
      "repoInfo" : null,
      "objectRefs" : [ ],
      "contextAttributes" : [ ],
      "additionalInfo" : {
        "description" : "",
        "contentType" : "Binary",
        "documentState" : "COMPLETE"
      }
    }
  }, {
    "objectGuid" : "2mdu8PBR4vMeM07Jr2rQSs",
    "objectName" : "MappingInvalid",
    "objectType" : "DTEMPLATE",
    "path" : "/Explore/MapiDev/dev",
    "metadata" : {
      "modelVersion" : {
        "major" : 0,
        "minor" : 0
      },
      "repoInfo" : {
        "repoHandle" : "01CLGW1700000000002Y"
      },
      "objectRefs" : [ "4r9iZvMigS7duKcLCbjg4N", "8IJuWX8h0YLfGWlQ6zZwae", "5XiRtRealiUg7S6k1oDUak" ],
      "contextAttributes" : [ {
        "name" : "id",
        "value" : "@1"
      } ],
      "additionalInfo" : {
        "description" : "",
        "contentType" : "JSON",
        "documentState" : "INVALID"
      }
    }
  }, {
    "objectGuid" : "5XiRtRealiUg7S6k1oDUak",
    "objectName" : "id-dev-ora-18_dev",
    "objectType" : "Connection",
    "path" : "/SYS",
    "metadata" : {
      "modelVersion" : {
        "major" : 0,
        "minor" : 0
      },
      "repoInfo" : {
        "repoHandle" : "01CLGW0B000000000003"
      },
      "objectRefs" : [ "81f8eXwvJMolPzpFy8iIuw" ],
      "contextAttributes" : [ {
        "name" : "id",
        "value" : "@1"
      } ],
      "additionalInfo" : {
        "description" : "Oracle 18 dev database",
        "contentType" : "JSON",
        "documentState" : "COMPLETE"
      }
    }
  }, {
    "objectGuid" : "cXjYNrH7BcgjROpHC0mA8O",
    "objectName" : "dev",
    "objectType" : "Folder",
    "path" : "/Explore/MapiDev",
    "metadata" : {
      "modelVersion" : {
        "major" : 0,
        "minor" : 0
      },
      "repoInfo" : null,
      "objectRefs" : [ ],
      "contextAttributes" : [ ],
      "additionalInfo" : {
        "description" : "",
        "contentType" : "Binary",
        "documentState" : "COMPLETE"
      }
    }
  }, {
    "objectGuid" : "gMM8ZUeBcCreQY0SqhHGkr",
    "objectName" : "MappingTaskValid",
    "objectType" : "MTT",
    "path" : "/Explore/MapiDev/dev",
    "metadata" : {
      "modelVersion" : {
        "major" : 0,
        "minor" : 0
      },
      "repoInfo" : {
        "repoHandle" : "01CLGW0Z00000000001W"
      },
      "objectRefs" : [ "8IJuWX8h0YLfGWlQ6zZwae", "81f8eXwvJMolPzpFy8iIuw", "2mdu8PBR4vMeM07Jr2rQSs", "5XiRtRealiUg7S6k1oDUak" ],
      "contextAttributes" : [ {
        "name" : "id",
        "value" : "@1"
      } ],
      "additionalInfo" : {
        "description" : "",
        "contentType" : "JSON",
        "documentState" : "VALID"
      }
    }
  } ]
}