{
  "name" : "IDem export 1703172926352",
  "sourceOrgId" : "dlzt1ojLvSRdv1T8Ej1q2d",
  "sourceOrgName" : "InfoDyn",
  "exportedObjects" : [ {
    "objectGuid" : "amDkoTVSyEPeuRbC5XU88p",
    "objectName" : "MapiDev",
    "objectType" : "Project",
    "path" : "/Explore",
    "metadata" : {
      "modelVersion" : {
        "major" : 0,
        "minor" : 0
      },
      "repoInfo" : null,
      "objectRefs" : [ ],
      "contextAttributes" : [ ],
      "additionalInfo" : {
        "description" : "",
        "contentType" : "Binary",
        "documentState" : "COMPLETE"
      }
    }
  }, {
    "objectGuid" : "9pZZNYBepujcBYWYdGxlUc",
    "objectName" : "Hierarchical SchemaMapi",
    "objectType" : "HSCHEMA",
    "path" : "/Explore/MapiDev/dev",
    "metadata" : {
      "modelVersion" : {
        "major" : 0,
        "minor" : 0
      },
      "repoInfo" : {
        "repoHandle" : "01CLGW3600000000001X"
      },
      "objectRefs" : [ ],
      "contextAttributes" : [ {
        "name" : "id",
        "value" : "@1"
      } ],
      "additionalInfo" : {
        "description" : "",
        "contentType" : "JSON",
        "documentState" : "VALID"
      }
    }
  }, {
    "objectGuid" : "cXjYNrH7BcgjROpHC0mA8O",
    "objectName" : "dev",
    "objectType" : "Folder",
    "path" : "/Explore/MapiDev",
    "metadata" : {
      "modelVersion" : {
        "major" : 0,
        "minor" : 0
      },
      "repoInfo" : null,
      "objectRefs" : [ ],
      "contextAttributes" : [ ],
      "additionalInfo" : {
        "description" : "",
        "contentType" : "Binary",
        "documentState" : "COMPLETE"
      }
    }
  } ]
}