{
  "name" : "IDem export 1726494120310",
  "sourceOrgId" : "dlzt1ojLvSRdv1T8Ej1q2d",
  "sourceOrgName" : "InfoDyn",
  "exportedObjects" : [ {
    "objectGuid" : "2xjsIWpVbLmcAs5rKNEqCz",
    "objectName" : "bbf-soft",
    "objectType" : "AgentGroup",
    "path" : "/SYS",
    "metadata" : {
      "modelVersion" : {
        "major" : 0,
        "minor" : 0
      },
      "repoInfo" : {
        "repoHandle" : "01CLGW25000000000004"
      },
      "objectRefs" : [ ],
      "contextAttributes" : [ {
        "name" : "id",
        "value" : "@1"
      } ],
      "additionalInfo" : {
        "description" : null,
        "contentType" : "JSON",
        "documentState" : "VALID"
      }
    }
  }, {
    "objectGuid" : "amDkoTVSyEPeuRbC5XU88p",
    "objectName" : "MapiDev",
    "objectType" : "Project",
    "path" : "/Explore",
    "metadata" : {
      "modelVersion" : {
        "major" : 0,
        "minor" : 0
      },
      "repoInfo" : null,
      "objectRefs" : [ ],
      "contextAttributes" : [ ],
      "additionalInfo" : {
        "description" : "",
        "contentType" : "Binary",
        "documentState" : "COMPLETE"
      }
    }
  }, {
    "objectGuid" : "6bR0BUvd0ujc1tTHZYHIeS",
    "objectName" : "id-dev-ora-19_int",
    "objectType" : "Connection",
    "path" : "/SYS",
    "metadata" : {
      "modelVersion" : {
        "major" : 0,
        "minor" : 0
      },
      "repoInfo" : {
        "repoHandle" : "01CLGW0B000000000005"
      },
      "objectRefs" : [ "2xjsIWpVbLmcAs5rKNEqCz" ],
      "contextAttributes" : [ {
        "name" : "id",
        "value" : "@1"
      } ],
      "additionalInfo" : {
        "description" : null,
        "contentType" : "JSON",
        "documentState" : "COMPLETE"
      }
    }
  }, {
    "objectGuid" : "4IsR7llwvpccKvpxatVsaA",
    "objectName" : "Mapping5917",
    "objectType" : "DTEMPLATE",
    "path" : "/Explore/MapiDev/dev",
    "metadata" : {
      "modelVersion" : {
        "major" : 0,
        "minor" : 0
      },
      "repoInfo" : {
        "repoHandle" : "01CLGW17000000000060"
      },
      "objectRefs" : [ "6bR0BUvd0ujc1tTHZYHIeS", "8XHOPYXjPfGeHy6DeVacwD" ],
      "contextAttributes" : [ {
        "name" : "id",
        "value" : "@1"
      } ],
      "additionalInfo" : {
        "description" : "",
        "contentType" : "JSON",
        "documentState" : "VALID"
      }
    }
  }, {
    "objectGuid" : "8XHOPYXjPfGeHy6DeVacwD",
    "objectName" : "id-dev-ora-19_dev_2",
    "objectType" : "Connection",
    "path" : "/SYS",
    "metadata" : {
      "modelVersion" : {
        "major" : 0,
        "minor" : 0
      },
      "repoInfo" : {
        "repoHandle" : "01CLGW0B00000000000J"
      },
      "objectRefs" : [ "2xjsIWpVbLmcAs5rKNEqCz" ],
      "contextAttributes" : [ {
        "name" : "id",
        "value" : "@1"
      } ],
      "additionalInfo" : {
        "description" : "Oracle 19 dev database",
        "contentType" : "JSON",
        "documentState" : "COMPLETE"
      }
    }
  }, {
    "objectGuid" : "cXjYNrH7BcgjROpHC0mA8O",
    "objectName" : "dev",
    "objectType" : "Folder",
    "path" : "/Explore/MapiDev",
    "metadata" : {
      "modelVersion" : {
        "major" : 0,
        "minor" : 0
      },
      "repoInfo" : null,
      "objectRefs" : [ ],
      "contextAttributes" : [ ],
      "additionalInfo" : {
        "description" : "",
        "contentType" : "Binary",
        "documentState" : "COMPLETE"
      }
    }
  } ]
}