{
  "name" : "IDem export 1703174377033",
  "sourceOrgId" : "dlzt1ojLvSRdv1T8Ej1q2d",
  "sourceOrgName" : "InfoDyn",
  "exportedObjects" : [ {
    "objectGuid" : "81f8eXwvJMolPzpFy8iIuw",
    "objectName" : "id-dev-ora-18.bbf-soft.local",
    "objectType" : "AgentGroup",
    "path" : "/SYS",
    "metadata" : {
      "modelVersion" : {
        "major" : 0,
        "minor" : 0
      },
      "repoInfo" : {
        "repoHandle" : "01CLGW25000000000003"
      },
      "objectRefs" : [ ],
      "contextAttributes" : [ {
        "name" : "id",
        "value" : "@1"
      } ],
      "additionalInfo" : {
        "description" : null,
        "contentType" : "JSON",
        "documentState" : "VALID"
      }
    }
  }, {
    "objectGuid" : "8IJuWX8h0YLfGWlQ6zZwae",
    "objectName" : "id-dev-ora-18_int",
    "objectType" : "Connection",
    "path" : "/SYS",
    "metadata" : {
      "modelVersion" : {
        "major" : 0,
        "minor" : 0
      },
      "repoInfo" : {
        "repoHandle" : "01CLGW0B000000000004"
      },
      "objectRefs" : [ "81f8eXwvJMolPzpFy8iIuw" ],
      "contextAttributes" : [ {
        "name" : "id",
        "value" : "@1"
      } ],
      "additionalInfo" : {
        "description" : "Oracle 18 dev database",
        "contentType" : "JSON",
        "documentState" : "COMPLETE"
      }
    }
  }, {
    "objectGuid" : "5GsITzm6ACEcJV0BDPHyQ2",
    "objectName" : "Data Transfer Task2",
    "objectType" : "DTT",
    "path" : "/Explore/MapiDev/dev",
    "metadata" : {
      "modelVersion" : {
        "major" : 1,
        "minor" : 0
      },
      "repoInfo" : {
        "repoHandle" : "08Is17YeqHKfTxKWkHn3SV"
      },
      "objectRefs" : [ "8IJuWX8h0YLfGWlQ6zZwae", "81f8eXwvJMolPzpFy8iIuw", "5XiRtRealiUg7S6k1oDUak" ],
      "contextAttributes" : [ ],
      "additionalInfo" : {
        "description" : "",
        "contentType" : null,
        "documentState" : "VALID"
      }
    }
  }, {
    "objectGuid" : "amDkoTVSyEPeuRbC5XU88p",
    "objectName" : "MapiDev",
    "objectType" : "Project",
    "path" : "/Explore",
    "metadata" : {
      "modelVersion" : {
        "major" : 0,
        "minor" : 0
      },
      "repoInfo" : null,
      "objectRefs" : [ ],
      "contextAttributes" : [ ],
      "additionalInfo" : {
        "description" : "",
        "contentType" : "Binary",
        "documentState" : "COMPLETE"
      }
    }
  }, {
    "objectGuid" : "6rhZuX9UjNGl3u8syRbvID",
    "objectName" : "PowerCenter Task1",
    "objectType" : "PCS",
    "path" : "/Explore/MapiDev/dev",
    "metadata" : {
      "modelVersion" : {
        "major" : 0,
        "minor" : 0
      },
      "repoInfo" : {
        "repoHandle" : "01CLGW0K00000000000D"
      },
      "objectRefs" : [ "81f8eXwvJMolPzpFy8iIuw", "5XiRtRealiUg7S6k1oDUak" ],
      "contextAttributes" : [ {
        "name" : "id",
        "value" : "@1"
      } ],
      "additionalInfo" : {
        "description" : null,
        "contentType" : null,
        "documentState" : "VALID"
      }
    }
  }, {
    "objectGuid" : "5XiRtRealiUg7S6k1oDUak",
    "objectName" : "id-dev-ora-18_dev",
    "objectType" : "Connection",
    "path" : "/SYS",
    "metadata" : {
      "modelVersion" : {
        "major" : 0,
        "minor" : 0
      },
      "repoInfo" : {
        "repoHandle" : "01CLGW0B000000000003"
      },
      "objectRefs" : [ "81f8eXwvJMolPzpFy8iIuw" ],
      "contextAttributes" : [ {
        "name" : "id",
        "value" : "@1"
      } ],
      "additionalInfo" : {
        "description" : "Oracle 18 dev database",
        "contentType" : "JSON",
        "documentState" : "COMPLETE"
      }
    }
  }, {
    "objectGuid" : "cXjYNrH7BcgjROpHC0mA8O",
    "objectName" : "dev",
    "objectType" : "Folder",
    "path" : "/Explore/MapiDev",
    "metadata" : {
      "modelVersion" : {
        "major" : 0,
        "minor" : 0
      },
      "repoInfo" : null,
      "objectRefs" : [ ],
      "contextAttributes" : [ ],
      "additionalInfo" : {
        "description" : "",
        "contentType" : "Binary",
        "documentState" : "COMPLETE"
      }
    }
  } ]
}