objectPath,objectName,objectType,id
/SYS,id-dev-ora-18.bbf-soft.local,AgentGroup,81f8eXwvJMolPzpFy8iIuw
/SYS,id-dev-ora-18_int,Connection,8IJuWX8h0YLfGWlQ6zZwae
/Explore/MapiDev/dev,Hierarchical SchemaMapi,HSCHEMA,9pZZNYBepujcBYWYdGxlUc
/Explore/MapiDev,dev,Folder,cXjYNrH7BcgjROpHC0mA8O
/Explore/MapiDev/dev,MappingMapi,DTEMPLATE,0TWj3pJgdjEfxbaYaYcFMG
/Explore,MapiDev,Project,amDkoTVSyEPeuRbC5XU88p
/Explore/MapiDev/dev,MappletMapi,DMAPPLET,6U8r3WjTgTPiYTTMManSYX
/Explore/MapiDev/dev,TaskflowMapi,TASKFLOW,5C1svyvXuVRbfEkgCKWaMG
/SYS,id-dev-ora-18_dev,Connection,5XiRtRealiUg7S6k1oDUak
/Explore/MapiDev/dev,MappingTaskMapi,MTT,fsqSsUNpvaWbzJvXJXAxKb