{
  "name" : "IDem export 1703174570874",
  "sourceOrgId" : "dlzt1ojLvSRdv1T8Ej1q2d",
  "sourceOrgName" : "InfoDyn",
  "exportedObjects" : [ {
    "objectGuid" : "81f8eXwvJMolPzpFy8iIuw",
    "objectName" : "id-dev-ora-18.bbf-soft.local",
    "objectType" : "AgentGroup",
    "path" : "/SYS",
    "metadata" : {
      "modelVersion" : {
        "major" : 0,
        "minor" : 0
      },
      "repoInfo" : {
        "repoHandle" : "01CLGW25000000000003"
      },
      "objectRefs" : [ ],
      "contextAttributes" : [ {
        "name" : "id",
        "value" : "@1"
      } ],
      "additionalInfo" : {
        "description" : null,
        "contentType" : "JSON",
        "documentState" : "VALID"
      }
    }
  }, {
    "objectGuid" : "8IJuWX8h0YLfGWlQ6zZwae",
    "objectName" : "id-dev-ora-18_int",
    "objectType" : "Connection",
    "path" : "/SYS",
    "metadata" : {
      "modelVersion" : {
        "major" : 0,
        "minor" : 0
      },
      "repoInfo" : {
        "repoHandle" : "01CLGW0B000000000004"
      },
      "objectRefs" : [ "81f8eXwvJMolPzpFy8iIuw" ],
      "contextAttributes" : [ {
        "name" : "id",
        "value" : "@1"
      } ],
      "additionalInfo" : {
        "description" : "Oracle 18 dev database",
        "contentType" : "JSON",
        "documentState" : "COMPLETE"
      }
    }
  }, {
    "objectGuid" : "9pZZNYBepujcBYWYdGxlUc",
    "objectName" : "Hierarchical SchemaMapi",
    "objectType" : "HSCHEMA",
    "path" : "/Explore/MapiDev/dev",
    "metadata" : {
      "modelVersion" : {
        "major" : 0,
        "minor" : 0
      },
      "repoInfo" : {
        "repoHandle" : "01CLGW3600000000001X"
      },
      "objectRefs" : [ ],
      "contextAttributes" : [ {
        "name" : "id",
        "value" : "@1"
      } ],
      "additionalInfo" : {
        "description" : "",
        "contentType" : "JSON",
        "documentState" : "VALID"
      }
    }
  }, {
    "objectGuid" : "cXjYNrH7BcgjROpHC0mA8O",
    "objectName" : "dev",
    "objectType" : "Folder",
    "path" : "/Explore/MapiDev",
    "metadata" : {
      "modelVersion" : {
        "major" : 0,
        "minor" : 0
      },
      "repoInfo" : null,
      "objectRefs" : [ ],
      "contextAttributes" : [ ],
      "additionalInfo" : {
        "description" : "",
        "contentType" : "Binary",
        "documentState" : "COMPLETE"
      }
    }
  }, {
    "objectGuid" : "0TWj3pJgdjEfxbaYaYcFMG",
    "objectName" : "MappingMapi",
    "objectType" : "DTEMPLATE",
    "path" : "/Explore/MapiDev/dev",
    "metadata" : {
      "modelVersion" : {
        "major" : 0,
        "minor" : 0
      },
      "repoInfo" : {
        "repoHandle" : "01CLGW1700000000002W"
      },
      "objectRefs" : [ "8IJuWX8h0YLfGWlQ6zZwae", "6U8r3WjTgTPiYTTMManSYX", "5XiRtRealiUg7S6k1oDUak" ],
      "contextAttributes" : [ {
        "name" : "id",
        "value" : "@1"
      } ],
      "additionalInfo" : {
        "description" : "desc",
        "contentType" : "JSON",
        "documentState" : "VALID"
      }
    }
  }, {
    "objectGuid" : "amDkoTVSyEPeuRbC5XU88p",
    "objectName" : "MapiDev",
    "objectType" : "Project",
    "path" : "/Explore",
    "metadata" : {
      "modelVersion" : {
        "major" : 0,
        "minor" : 0
      },
      "repoInfo" : null,
      "objectRefs" : [ ],
      "contextAttributes" : [ ],
      "additionalInfo" : {
        "description" : "",
        "contentType" : "Binary",
        "documentState" : "COMPLETE"
      }
    }
  }, {
    "objectGuid" : "6U8r3WjTgTPiYTTMManSYX",
    "objectName" : "MappletMapi",
    "objectType" : "DMAPPLET",
    "path" : "/Explore/MapiDev/dev",
    "metadata" : {
      "modelVersion" : {
        "major" : 0,
        "minor" : 0
      },
      "repoInfo" : {
        "repoHandle" : "01CLGW4000000000001U"
      },
      "objectRefs" : [ "9pZZNYBepujcBYWYdGxlUc" ],
      "contextAttributes" : [ {
        "name" : "id",
        "value" : "@1"
      } ],
      "additionalInfo" : {
        "description" : "desc",
        "contentType" : "JSON",
        "documentState" : "VALID"
      }
    }
  }, {
    "objectGuid" : "5C1svyvXuVRbfEkgCKWaMG",
    "objectName" : "TaskflowMapi",
    "objectType" : "TASKFLOW",
    "path" : "/Explore/MapiDev/dev",
    "metadata" : {
      "modelVersion" : {
        "major" : 1,
        "minor" : 0
      },
      "repoInfo" : {
        "repoHandle" : "zwgfYtjCtbdsreK-gt-10699882-2023-12-21T15:57:33.404Z::tf.xml"
      },
      "objectRefs" : [ "fsqSsUNpvaWbzJvXJXAxKb" ],
      "contextAttributes" : null,
      "additionalInfo" : {
        "description" : "",
        "contentType" : "application/json; charset=utf-8",
        "documentState" : "VALID"
      }
    }
  }, {
    "objectGuid" : "5XiRtRealiUg7S6k1oDUak",
    "objectName" : "id-dev-ora-18_dev",
    "objectType" : "Connection",
    "path" : "/SYS",
    "metadata" : {
      "modelVersion" : {
        "major" : 0,
        "minor" : 0
      },
      "repoInfo" : {
        "repoHandle" : "01CLGW0B000000000003"
      },
      "objectRefs" : [ "81f8eXwvJMolPzpFy8iIuw" ],
      "contextAttributes" : [ {
        "name" : "id",
        "value" : "@1"
      } ],
      "additionalInfo" : {
        "description" : "Oracle 18 dev database",
        "contentType" : "JSON",
        "documentState" : "COMPLETE"
      }
    }
  }, {
    "objectGuid" : "fsqSsUNpvaWbzJvXJXAxKb",
    "objectName" : "MappingTaskMapi",
    "objectType" : "MTT",
    "path" : "/Explore/MapiDev/dev",
    "metadata" : {
      "modelVersion" : {
        "major" : 0,
        "minor" : 0
      },
      "repoInfo" : {
        "repoHandle" : "01CLGW0Z00000000001U"
      },
      "objectRefs" : [ "8IJuWX8h0YLfGWlQ6zZwae", "0TWj3pJgdjEfxbaYaYcFMG", "81f8eXwvJMolPzpFy8iIuw", "9pZZNYBepujcBYWYdGxlUc", "5XiRtRealiUg7S6k1oDUak" ],
      "contextAttributes" : [ {
        "name" : "id",
        "value" : "@1"
      } ],
      "additionalInfo" : {
        "description" : "",
        "contentType" : "JSON",
        "documentState" : "VALID"
      }
    }
  } ]
}